Day,Notes
2011-11-01,Breezy day
2011-11-02,Perfect
2011-11-03,Rainy Afternoon
2011-11-04,Cold and Sunny - Titleist Fitting Van 
2011-11-05,3 club tourney
2011-11-06,Cold Sunny Day
2011-11-07,
2011-11-08,
2011-11-09,Nice Day
2011-11-10,
2011-11-11,
2011-11-12,
2011-11-13,Couples Turkey Shoot 
2011-11-14,
2011-11-15,Nice Tuesday
2011-11-16,
2011-11-17,Nice morning Cool Afternoon
2011-11-18,
2011-11-19,
2011-11-20,Rainy day
2011-11-21,
2011-11-22,Warm
2011-11-23,Men In Black
2011-11-24,Thanksgiving
2011-11-25,Busy day after Thanksgiving
2011-11-26,
2011-11-27,
2011-11-28,
2011-11-29,Nice Day
2011-11-30,Windy
2011-12-01,
2011-12-02,Holiday Sale
2011-12-03,Windy
2011-12-04,Windy
2011-12-05,
2011-12-06,Frost Delay
2011-12-07,Frost Delay
2011-12-08,Frost Delay
2011-12-09,Employee Sale
2011-12-10,Frost Delay
2011-12-11,Warmer
2011-12-12,
2011-12-13,Frost Delay
2011-12-14,
2011-12-15,Warmer
2011-12-16,
2011-12-17,Fog
2011-12-18,Frost Delay
2011-12-19,
2011-12-20,
2011-12-21,Frost Delay
2011-12-22,Warmer
2011-12-23,"Busy, Frost Delay"
2011-12-24,
2011-12-25,
2011-12-26,
2011-12-27,
2011-12-28,
2011-12-29,Dwyer Outing
2011-12-30,
2011-12-31,
2012-01-01,
2012-01-02,
2012-01-03,
2012-01-04,
2012-01-05,
2012-01-06,
2012-01-07,
2012-01-08,
2012-01-09,
2012-01-10,Frost Delay
2012-01-11,Frost Delay
2012-01-12,Frost Delay
2012-01-13,Frost Delay
2012-01-14,Frost Delay until 9:30am.
2012-01-15,
2012-01-16,
2012-01-17,Frost Delay
2012-01-18,Frost Delay
2012-01-19,"Frost Delay, Rain Showers"
2012-01-20,Heavy Rain
2012-01-21,"rain on and off, cart path only (no handicap flags allowed)."
2012-01-22,"rain on and off, cart path only (no handicap flags allowed)."
2012-01-23,
2012-01-24,
2012-01-25,
2012-01-26,
2012-01-27,
2012-01-28,beautiful day - 70 degrees.
2012-01-29,
2012-01-30,
2012-01-31,
2012-02-01,
2012-02-02,DWGG Shotgun
2012-02-03,
2012-02-04,
2012-02-05,
2012-02-06,
2012-02-07,Rain all day
2012-02-08,"foggy, then nice day.  First day of RBZ demo / inventory"
2012-02-09,
2012-02-10,Cloudy afternoon
2012-02-11,
2012-02-12,
2012-02-13,
2012-02-14,
2012-02-15,
2012-02-16,
2012-02-17,perfect day
2012-02-18,ridiculously busy day - everyone needs something all day long
2012-02-19,
2012-02-20,President's Day open - complaints about NO FOOD SERVICE today.  Employees ate at snack shack today.
2012-02-21,
2012-02-22,Perfect Day
2012-02-23,Ladies Rules Clinic.
2012-02-24,Perfect Day
2012-02-25,"nice day, 15 in stix game, launch monitor now here."
2012-02-26,Perfect Day
2012-02-27,
2012-02-28,Cool Day
2012-02-29,Rainy
2012-03-01,Rained until 230
2012-03-02,Nice Day
2012-03-03,Warm
2012-03-04,
2012-03-05,
2012-03-06,Windy
2012-03-07,windy
2012-03-08,
2012-03-09,Warm
2012-03-10,"Warm, slight wind n afternoon"
2012-03-11,Light Rain
2012-03-12,De La Salle High Tourney
2012-03-13,Rainy all day
2012-03-14,rainy all day
2012-03-15,Rainy all day
2012-03-16,Rainy all day
2012-03-17,"Cold, Rainy"
2012-03-18,"Cold, windy"
2012-03-19,
2012-03-20,
2012-03-21,
2012-03-22,Nice
2012-03-23,Busy and sunny
2012-03-24,Rainy and cold; junior team
2012-03-25,Rainy and cold
2012-03-26,
2012-03-27,Rainy and cold
2012-03-28,Slow and wet
2012-03-29,DGAF
2012-03-30,"Warm, busy"
2012-03-31,Rain
2012-04-01,
2012-04-02,
2012-04-03,
2012-04-04,
2012-04-05,
2012-04-06,
2012-04-07,Sunny
2012-04-08,Easter and Masters Sunday
2012-04-09,
2012-04-10,
2012-04-11,
2012-04-12,
2012-04-13,Busy
2012-04-14,Sunny and busy
2012-04-15,Warm and Busy
2012-04-16,
2012-04-17,Sunny
2012-04-18,Perfect
2012-04-19,Perfect
2012-04-20,MPS Welcome Party
2012-04-21,MPS Four Man and Horserace
2012-04-22,MPS Four Man 
2012-04-23,
2012-04-24,overcast
2012-04-25,overcast
2012-04-26,overcast
2012-04-27,warm
2012-04-28,warm and jr golf team
2012-04-29,warm and busy
2012-04-30,Cardolet
2012-05-01,"Perfect, Holyniner play with pro"
2012-05-02,Cold
2012-05-03,
2012-05-04,Perfect
2012-05-05,
2012-05-06,Scotch Club Practice Round
2012-05-07,Scotch Club Day 1
2012-05-08,Scotch Club Day2 and Shootout
2012-05-09,
2012-05-10,Spring Handicap Qualifier
2012-05-11,
2012-05-12,Twilight Golf
2012-05-13,Mothers Day
2012-05-14,
2012-05-15,
2012-05-16,
2012-05-17,Spring Handicap Round 1
2012-05-18,Spring Handicap Round 2
2012-05-19,Orange Ball Tournament
2012-05-20,DCC Charity Tournament
2012-05-21,CEID on Deafness Community Event
2012-05-22,
2012-05-23,
2012-05-24,
2012-05-25,Rainy
2012-05-26,MPS Presidents Cup Round 1
2012-05-27,MPS Presidents Cup Round 2
2012-05-28,Nice
2012-05-29,Closed - Memorial Day
2012-05-30,Sunny
2012-05-31,DWGG Member/Member
2012-06-01,Holysmoker
2012-06-02,Bandit Shootout Rd 1
2012-06-03,Bandit Shootout Rd 2
2012-06-04,"The Morris - 6720 guest fees, 1260 cart fees"
2012-06-05,
2012-06-06,Sunny
2012-06-07,Sunny
2012-06-08,"sunny - $43,001 sales for Brasada Ranch NOT INCLUDED in figures here."
2012-06-09,MPS Member Member Round 1
2012-06-10,MPS Member Member Round 1
2012-06-11,"Fallen Heroes ($100 GC) - 5520 guest fees, 3560 cart fees"
2012-06-12,
2012-06-13,
2012-06-14,DWGG Mini Invitational
2012-06-15,
2012-06-16,NCGA Match vs Claremont
2012-06-17,
2012-06-18,"DBIA and Kids Sports Camp - 11988 guest fees, 4064 cart fees"
2012-06-19,Kids Camp
2012-06-20,Kids Camp
2012-06-21,Sr Invitational Round 1
2012-06-22,Sr Invitational Round 2
2012-06-23,Busy
2012-06-24,Busy
2012-06-25,"Cushman Wake Outing - perfect weather - 6344 guest fees, 1872 cart fees"
2012-06-26,Corena Green; Marx Group
2012-06-27,Slow Wednesday
2012-06-28,Play Day
2012-06-29,
2012-06-30,Jr golf team
2012-08-01,
2012-08-02,DWGG Captains Rd. 2
2012-08-03,
2012-08-04,$150 Gift Cert; NCGA Matches and JR Club Championship
2012-08-05,Jr Club Championship Round 2
2012-08-06,DentPro Outing - Mitch Buich
2012-08-07,
2012-08-08,
2012-08-09,
2012-08-10,Hot
2012-08-11,NCGA Match
2012-08-12,Sweeps
2012-08-13,
2012-08-14,Niner Play Day
2012-08-15,Sr Interclub
2012-08-16,Past Presidents
2012-08-17,Nakashima Fitting Day
2012-08-18,Directors Cup Round 1
2012-08-19,Directors Cup Round 2
2012-08-20,St. Mary's Community Event
2012-08-21,
2012-08-22,
2012-08-23,
2012-08-24,
2012-08-25,TM Demo Day
2012-08-26,Charged GP entries
2012-08-27,
2012-08-28,
2012-08-29,
2012-08-30,The Gathering
2012-08-31,Gold Putter Round 1
2012-09-01,Gold Putter
2012-09-02,Gold Putter Day Three
2012-09-03,Holiday
2012-09-04,CLOSED FOR LABOR DAY
2012-09-05,
2012-09-06,DWGG Formal Gues t Day
2012-09-07,
2012-09-08,
2012-09-09,
2012-09-10,Union Bank
2012-09-11,Seniors v RH and Castle; drawer short so no deposit made
2012-09-12,
2012-09-13,
2012-09-14,Holysomker
2012-09-15,Couples Club Championship Rd 1
2012-09-16,Couples Club Championship Rd 2
2012-09-17,Sentinels
2012-09-18,Holyniners and Carondelet
2012-09-19,
2012-09-20,DWGG club Championship
2012-09-21,DWGG Club Championship round 2
2012-09-22,
2012-09-23,
2012-09-24,
2012-09-25,holyniner formal guest day
2012-09-26,
2012-09-27,Dwgg Club Championship rd 3
2012-09-28,
2012-09-29,
2012-09-30,
2012-10-01,
2012-10-02,
2012-10-03,DWGG Classic Practice Round
2012-10-04,DWGG Classic Rd 1
2012-10-05,DWGG Classic Rd 2
2012-10-06,
2012-10-07,
2012-10-08,De La
2012-10-09,
2012-10-10,Cold
2012-10-11,
2012-10-12,Rainy
2012-10-13,Mtn. Cup
2012-10-14,Mtn. Cup Day 2
2012-10-15,
2012-10-16,Aerification
2012-10-17,
2012-10-18,
2012-10-19,
2012-10-20,perfect day
2012-10-21,
2012-10-22,
2012-10-23,Rainy; Niner Back Nine
2012-10-24,
2012-10-25,
2012-10-26,
2012-10-27,3 Club
2012-10-28,
2012-10-29,mustang soccer
2012-10-30,Inventory
2012-10-31,
2012-11-01,DWGG Informal Guest Day
2012-11-02,
2012-11-03,
2012-11-04,Member Recognition Event
2012-11-05,
2012-11-06,
2012-11-07,
2012-11-08,Rain
2012-11-09,
2012-11-10,
2012-11-11,Couples Turkey
2012-11-12,Veteran's Day Club Open
2012-11-13,
2012-11-14,
2012-11-15,DWGG Turkey Shoot
2012-11-16,Bobby Jones Rd 1; Rainy
2012-11-17,Bobby Jones Rd 2; Rainy
2012-11-18,
2012-11-19,
2012-11-20,
2012-11-21,Men In Black
2012-11-22,Thanksgiving
2012-11-23,
2012-11-24,
2012-11-25,
2012-11-26,
2012-11-27,
2012-11-28,Rain
2012-11-29,
2012-11-30,rainy all day
2012-12-01,Rain
2012-12-02,Rain Course Closed
2012-12-03,
2012-12-04,
2012-12-05,Rain
2012-12-06,
2012-12-07,
2012-12-08,
2012-12-09,
2012-12-10,
2012-12-11,
2012-12-12,
2012-12-13,
2012-12-14,Employee Sale
2012-12-15,Frost
2012-12-16,
2012-12-17,
2012-12-18,Frost
2012-12-19,Frost
2012-12-20,Frost
2012-12-21,Rain
2012-12-22,Rain
2012-12-23,rain
2012-12-24,Xmas eve
2012-12-25,
2012-12-26,
2012-12-27,JD Golf Outing
2012-12-28,Frost
2012-12-29,Power Outage
2012-12-30,Frost
2012-12-31,Frost
2013-01-01,
2013-01-02,frost delay until 10am.  
2013-01-03,Frost till 10
2013-01-04,Frost till 10
2013-01-05,Gift Certificate
2013-01-06,
2013-01-07,
2013-01-08,Fog
2013-01-09,Foggy and Cold
2013-01-10,
2013-01-11,Frost delay until 10am
2013-01-12,Frost delay until 10am
2013-01-13,Frost delay until 10am
2013-01-14,Frost delay until 10am
2013-01-15,Frost delay until 10am
2013-01-16,Frost delay until 10am
2013-01-17,Frost delay until 10am
2013-01-18,Frost delay until 10am
2013-01-19,112.50 in GC
2013-01-20,Frost delay until 10am
2013-01-21,MLK
2013-01-22,Frost delay until 10am
2013-01-23,Rain
2013-01-24,Afternoon Rain
2013-01-25,Morning Rain
2013-01-26,$25 gift certificate
2013-01-27,Old Gift Cert. Frost
2013-01-28,
2013-01-29,Inventory
2013-01-30,
2013-01-31,
2013-02-01,
2013-02-02,
2013-02-03,
2013-02-04,
2013-02-05,
2013-02-06,frostm delay til 830
2013-02-07,ladies free guest day
2013-02-08,Aaron took a Friday  off
2013-02-09,Aaron took a Saturday off
2013-02-10,Pebble Beach (Brent won)
2013-02-11,
2013-02-12,Frost delay until 9:30am.
2013-02-13,De La Salle No Show
2013-02-14,DWGG Valentine's Day event
2013-02-15,Handicap Billing
2013-02-16,Sunny
2013-02-17,Sunny
2013-02-18,President's Day-Club Open
2013-02-19,rain all day - zero rounds.
2013-02-20,Sunny
2013-02-21,Locker Room Party
2013-02-22,Frost delay til 9
2013-02-23,
2013-02-24,Busy Sunday
2013-02-25,
2013-02-26,Holyninere Rules Day
2013-02-27,frost Delay until 830am
2013-02-28,
2013-03-01,Warm Friday
2013-03-02,Warm Saturday
2013-03-03,Beautiful weather
2013-03-04,
2013-03-05,KC back in CA
2013-03-06,Gregs first day
2013-03-07,"Gloomy day, Ladies day"
2013-03-08,Nice Friday at Diablo
2013-03-09,Busy Afternoon
2013-03-10,"Nice Sunday …great weather, crazy crazy busy!"
2013-03-11,De La Salle HS Invitational
2013-03-12,Just another beautiful Tuesday
2013-03-13,Hot
2013-03-14,WGANC Open Day
2013-03-15,Nice Friday
2013-03-16,Great Saturday
2013-03-17,St Paddys Day
2013-03-18,
2013-03-19,Quiet Day
2013-03-20,Rain
2013-03-21,March madness begins
2013-03-22,Busy Fri afternoon
2013-03-23,
2013-03-24,Nice Weekend for golf
2013-03-25,
2013-03-26,Sunny Tuesday
2013-03-27,Aarons last day off
2013-03-28,
2013-03-29,"Holla, busy Friday "
2013-03-30,Titlest DemoDay
2013-03-31,Happy Easter
2013-04-01,
2013-04-02,Nice Day
2013-04-03,busy Wednesday
2013-04-04,Rainy Thursday
2013-04-05,Busy Friday afternoon
2013-04-06,
2013-04-07,Nice weekend
2013-04-08,
2013-04-09,Set-up Senior Tourney
2013-04-10,Hot Wednesday
2013-04-11,
2013-04-12,Smith and Jones Day 1
2013-04-13,Smith and Jones Day 2
2013-04-14,Masters Sunday
2013-04-15,Catholic Charities East Bay Event
2013-04-16,Quiet Tuesday
2013-04-17,Easy Wednesday 
2013-04-18,Relaxing Thursday
2013-04-19,Busy Friday afternoon
2013-04-20,Tournament
2013-04-21,Four man day two
2013-04-22,
2013-04-23,
2013-04-24,Aaron has a day off
2013-04-25,DWGG  TT
2013-04-26,normal Friday
2013-04-27,Parent Child Tourney
2013-04-28,hot Sunday
2013-04-29,CD Charity Event
2013-04-30,finish inventory
2013-05-01,
2013-05-02,Ladies member guest day
2013-05-03,Nice Friday 
2013-05-04,Couples Twilight
2013-05-05,Scotch Practice Round
2013-05-06,Scotch Club Round 1
2013-05-07,Scotch Round 2
2013-05-08,
2013-05-09,Cash was off by more than $100
2013-05-10,JD Friday
2013-05-11,Ping Demo Day
2013-05-12,Mothers Day
2013-05-13,Brother Maris Tournament
2013-05-14,
2013-05-15,
2013-05-16,Big Wheels Day
2013-05-17,CASH DEPOSIT ?????
2013-05-18,Prez Cup Day 1
2013-05-19,Prez Cup Day 2
2013-05-20,
2013-05-21,
2013-05-22,
2013-05-23,Ladies Handicap Day
2013-05-24,Busy Friday
2013-05-25,Slow Saturday
2013-05-26,WOW! Busiest Sunday I have  seen
2013-05-27,Memorial Day
2013-05-28,
2013-05-29,Busy Wednesday Afternoon
2013-05-30,Member member 
2013-05-31,
2013-06-01,hot Saturday
2013-06-02,Hot Sunday
2013-06-03,Wells Fargo Community  Event
2013-06-04,CPR day
2013-06-05,GNO
2013-06-06,Busy Thursday Afternoon
2013-06-07,Holysmoker
2013-06-08,Member-Member Day 1
2013-06-09,Member-Member Day 1
2013-06-10,
2013-06-11,busy afternoon
2013-06-12,Classic Practice Round
2013-06-13,DWGG ROUND 1
2013-06-14,DWGG  Classic Day 2
2013-06-15,US OPEN Day 3
2013-06-16,fathers Day
2013-06-17,DBIA
2013-06-18,Corena Green & Seniors Interclub
2013-06-19,
2013-06-20,Pop Smith Day 1
2013-06-21,Pop Smith Day 2
2013-06-22,NGCA Team & Bay City Juniors
2013-06-23,Callaway demo day
2013-06-24,Cushman Wakefield Community Event
2013-06-25,Aaron took a day off
2013-06-26,Slow day
2013-06-27,Formal  Guest Day
2013-06-28,
2013-06-29,Diablo Day
2013-06-30,Hot Day again!
2013-07-01,
2013-07-02,Another Hot Day
2013-07-03,
2013-07-04,Flag Day Tourney
2013-07-05,Cool
2013-07-06,Nice Saturday
2013-07-07,
2013-07-08,Plasterers and Cement Masons
2013-07-09,Hot Tuesday
2013-07-10,Cash register $5 short
2013-07-11,Diabo Valley Play
2013-07-12,nice Friday
2013-07-13,Couples Twilight
2013-07-14,Walk on  Sunday
2013-07-15,DentPro community event
2013-07-16,
2013-07-17,Normal Day at Diablo
2013-07-18,Captains Cup
2013-07-19,Typical Friday
2013-07-20,Car show
2013-07-21,Couples Mixed
2013-07-22,
2013-07-23,Senior Interclub
2013-07-24,Employee Sale
2013-07-25,busy late afternoon 
2013-07-26,Busy Friday
2013-07-27,AW Claremont
2013-07-28,slow Sunday
2013-07-29,Danville Chamber
2013-07-30,Inventory
2013-07-31,
2013-08-01,
2013-08-02,
2013-08-03,
2013-08-04,Walk on Sunday
2013-08-05,
2013-08-06,Nice Day
2013-08-07,Ladies Night Out
2013-08-08,Regular day
2013-08-09,Friday
2013-08-10,Last NCGA Team Match!
2013-08-11,Busy Sunday Afternoon
2013-08-12,NCGA Member-Member Community Event
2013-08-13,Surprise surprise another busy day
2013-08-14,Ditto
2013-08-15,DWGG Guest Day
2013-08-16,Hot Friday
2013-08-17,SAT
2013-08-18,SUN
2013-08-19,
2013-08-20,Quiet and hot Tuesday
2013-08-21,Slow Wed
2013-08-22,DWGG & Seniors
2013-08-23,Typical Friday
2013-08-24,Couples twilight
2013-08-25,Sunday before GP
2013-08-26,
2013-08-27,GP Prep day
2013-08-28,
2013-08-29,
2013-08-30,
2013-08-31,
2013-09-01,Gold Putter Final Round
2013-09-02,
2013-09-03,
2013-09-04, Ladies Twilight 
2013-09-05, DWGG 
2013-09-06, Sick Steph 
2013-09-07, Slow Sat 
2013-09-08, NFL WK 1 
2013-09-09, Barry Foon Community Event 
2013-09-10,Senior Interclub
2013-09-11,
2013-09-12,
2013-09-13,
2013-09-14,Campout Saturday
2013-09-15,Slow Sunday
2013-09-16,Union Bank
2013-09-17,Quiet Tues
2013-09-18,
2013-09-19,
2013-09-20,Neville Dedication; Overcast
2013-09-21,Rainy Saturday
2013-09-22,Busy Sunday
2013-09-23,St. Isidore Community Event
2013-09-24,Holyniners
2013-09-25,Slow Wednesday
2013-09-26,Slow thurs
2013-09-27,Friday
2013-09-28,Couples Cvlub Championship
2013-09-29,CCC Day 2
2013-09-30,Sentinels of freedom
2013-10-01,
2013-10-02,Wednesday that felt like a Friday
2013-10-03,
2013-10-04,
2013-10-05,Bandits Shootout Round 1
2013-10-06,Bandits Shootout Round 2
2013-10-07,
2013-10-08,
2013-10-09,Computer Transition Day 2
2013-10-10,Senior Finale
2013-10-11,Mountain Cup draw
2013-10-12,Mountain Cup round 1
2013-10-13,Wlak on Sunday
2013-10-14,
2013-10-15,aerification of green s
2013-10-16,slow
2013-10-17,AW day off
2013-10-18,Slow Friday
2013-10-19,Slow Saturday Too
2013-10-20,Slow Sunday
2013-10-21,
2013-10-22,
2013-10-23,Clean-up day
2013-10-24,Clean up continues
2013-10-25,Busy Friday
2013-10-26,Nice SaturdaY
2013-10-27,Super Slow Sunday
2013-10-28,End of Year Inventory & Mustang Soccer Event
2013-10-29,Halloween Tournament
2013-10-30,Chilly Wednesday
2013-10-31,Happy Halloween
2013-11-02,Quiet Black Friday
2013-11-02,Thanksgiving
2013-11-02,MIB
2013-11-02,Typical Tuesday
2013-11-02,slow Friday
2013-11-02,AW off
2013-11-02,Windy Friday
2013-11-02,DWGG Turkey Shootout
2013-11-02,Rainy Day
2013-11-02,Add  on Sunday
2013-11-02,Scatch League
2013-11-02,Not Busy
2013-11-02,SLOW    
2013-11-02,Slow Day
2013-11-02,Veterans day
2013-11-02,Couples Turkey Shoot
2013-11-02,SAT
2013-11-02,Warm November Friday
2013-11-02,Informal Gurst Day
2013-11-02,
2013-11-02,AW OFF
2013-11-02,Cool Saturday
2013-11-02,Tunnel Closure
2013-11-02,3-club tournament
2013-12-02,frost delay until 9am - JD tourney
2013-12-02,frost delay until 9am - busy Friday
2013-12-02,No frost
2013-12-02,
2013-12-02,Frost Delay till 9:30am
2013-12-02,Holiday Sale
2013-12-02,Frost Delay til 10am
2013-12-02,Super Slow
2013-12-02,Cold Day
2013-12-02,Employee Sale
2013-12-02,Busy  sales day
2013-12-02,Busy Sunday
2013-12-02,JW off
2013-12-02,frost delay until 9am
2013-12-02,cold Tuesday
2014-01-02,GK's last day
2014-01-02,JW car broke down
2014-01-02,Frost delay until  9am.  Niner game at 3pm
2014-01-02,Frost until 9am 
2014-01-02,Frost until 9am
2014-01-02,Warm
2014-01-02,no Frost!
2014-01-02,Super Slow Thurs
2014-01-02,Frost delay until 9am.  MLK Day
2014-01-02,Greg's last end of day
2014-01-02,SF 49ers WIN
2014-01-02,Slow day big 9ers win!!!!!
2014-01-02,Kyle first Day in shop
2014-01-02,Nice Friday
2014-01-02,No Delay!!!
2014-01-02,
2014-01-02,inventory
2014-01-02,NFL playoffs round 1
2014-01-02,Frost Delay 8 am
2014-01-02,Slow Day
2014-01-02,Happy New Year
2014-01-02,Slow  day
2014-01-02,"Nice, warm day"
2014-01-02,SLOW THURS
2014-02-02,"Light rain in morning, sunny afternoon. "
2014-02-02,
2014-02-02,Frost until 8:30am
2014-02-02,frost delay
2014-02-02,Heavy rain all day
2014-02-02,No rain
2014-02-02,DWGG 
2014-02-02,VDAY
2014-02-02,Warm day. 
2014-02-02,Holiday.
2014-02-02,Holyniners
2014-02-02,Frost til 9am
2014-02-02,KVA first time closing on my own
2014-02-02,Super Bowl  Sunday 
2014-02-02,Junior Golf Registration 
2014-02-02,Rain all day
2014-02-02,Rain in AM. Sun in PM
2014-02-02,Rain in AM
2014-02-02,Busy Sunday 
2014-02-02,144 Players
2014-03-02,Senior Kickoff 
2014-03-02,Warm day
2014-03-02,Busy Fri Duke got upset
2014-03-02,Rain. Very little play
2014-03-02,Rain in PM
2014-03-02,
2014-03-02,Crazy Sunday
2014-03-02,DWGG Mystery Mixer (NO POST)
2014-03-02,Slow Friday (POST)
2014-03-02,DWGG   
2014-03-02,"Busy Saturday, Jr Golf Team"
2014-03-02,DWGG Rules Day
2014-03-02,Busy Sunday 
2014-03-02,Junior Golf Team in PM
2014-03-02,Scattered rain throughout the day
2014-03-02,Monday - Bay Area Benefits event
2014-03-02,"misty morning, nice rest of day."
2014-03-02,overcast day
2014-03-02,USGA Community Event
2014-03-02,Busy Friday
2014-03-02,Sunny day
2014-03-02,Daylight Saving Time Begins
2014-03-02,De La Salle Junior Invitational
2014-03-02,KC back
2014-03-02,"Warm, windy day"
2014-03-02,Rainy Saturday (NO POST)
2014-03-02,Jr. Golf Team in PM
2014-03-02,Titleist Demo Day. Warm!
2014-03-02,2 big upsets in NCAA tournament 
2014-04-02,Non Posting Day
2014-04-02,Non Posting Day. Rain
2014-04-02,Post Scores
2014-04-02,Niners Informal Guest Day
2014-04-02,Posting day. Warm
2014-04-02,"Posting OK. Warm, very busy Sunday."
2014-04-02,
2014-04-02,HOT Tuesday (POST)
2014-04-02,Slow Thursday (POST)
2014-04-02,Busy Friday (POST)
2014-04-02,Sat Masters Go Jordan! (POST)
2014-04-02,Bubba wins! (POST)
2014-04-02,Catholic Charities 
2014-04-02,Easter
2014-04-02,DWGG Formal Guest Day (NO POST)
2014-04-02,East Bay Golf Leage. Post scores
2014-04-02,DWGG Medal Day. Post scores
2014-04-02,MPS 4 Man 
2014-04-02,Hot & Busy. POST
2014-04-02,Slow Tuesday POST
2014-04-02,Carondelet community tournament
2014-04-02,Taylormade Demo Day. Post
2014-04-02,Parent Junior Championship. Post
2014-04-02,Rainy Friday (POST)
2014-04-02,DWGG play day POST Scores
2014-04-02,Non posting day.
2014-05-02,WARM. POST
2014-05-02,Bandit Shootout. POST
2014-05-02,Post (slow Friday)
2014-05-02,Brother Maris tournament
2014-05-02,Mothers Day POST
2014-05-02,
2014-05-02,POST
2014-05-02,Post
2014-05-02,Scotch Club Round 2
2014-05-02,Scotch Club Round 1
2014-05-02,Scotch Practice Rounds POST
2014-05-02,Couples Twilight POST
2014-05-02,Busy Friday POST
2014-05-02,Formal Guest Day POST
2014-05-02,President's Cup Round One
2014-05-02,President's Cup Round Two
2014-05-02,San Damiano community event
2014-05-02,Niners POST
2014-05-02,East Bay Golf League. POST
2014-05-02,Big Wheels POST
2014-05-02,Orange Ball. POST
2014-05-02,HOT Sunday POST
2014-05-02,Memorial Day BBQ! POST Sweeps
2014-05-02,DWGG m/m POST
2014-05-02,HOT! POST.
2014-05-02,"Hot, Four Ball Matches, DWGG Spring Handi Champ Matches; POST"
2014-06-02,DWGG Formal Guest Day POST
2014-06-02,Bandit Shootout Rd 2. POST
2014-06-02,NCPFC Community Tournament
2014-06-02,POST. Sunday Sweeps
2014-06-02,POST
2014-06-02,POST end of Junior Golf School First Session 
2014-06-02,Golf School Day One POST
2014-06-02,Junior Golf Team on Course POST
2014-06-02,Cushman-Wakefield community event
2014-06-02,Couples Sweeps. POST
2014-06-02,Busy Saturday. POST
2014-06-02,Senior Invitational Rd. 2
2014-06-02,Senior Invitational Rd.1
2014-06-02,Kids camp UHGHH POST
2014-06-02,Corena Green & Seniors v CCC Oakhurst and Sequoyah
2014-06-02,DBIA
2014-06-02,WGNCA POST
2014-06-02,Found my mistake that’s why the deposit is more then should be- KVA
2014-06-02,POST. US Open Sunday 
2014-06-02,Junior Achievement Tournament
2014-06-02,Holyniner Team Play POST
2014-06-02,HolySmoker. POST
2014-06-02,MPS M/M Round 1
2014-06-02,EBGL POST
2014-06-02,Fallen Heroes
2014-06-02,
2014-06-02,DWGG Classic Invitational Registration & Practice
2014-06-02,DWGG Classic Round One
2014-06-02,"deposit wrong, must have counted cash wrong- KVA"
2014-06-02,MPS M/M Round 2
2014-07-02,Junior Golf Camp. POST
2014-07-02,Joe Morgan Invitational
2014-07-02,Busy Saturday. Bay Cities.
2014-07-02,Couples Club championship round 2
2014-07-02,Couples Club Championship Round 1
2014-07-02,Captains Tourney Rd1 POST
2014-07-02,TOC Round 1
2014-07-02,Plasterers & Masons
2014-07-02,Couples Invitational
2014-07-02,Diablo Valley Team Play POST
2014-07-02,Flag Day Tournament. Happy 4th! 
2014-07-02,Holyniner Informal guest day
2014-07-02,
2014-07-02,Slow SUN. FRICK goes down
2014-07-02,Bay Cities vs Claremont
2014-07-02,DWGG Informal Guest Day. POST
2014-07-02,Ladies Night Out. POST
2014-07-02,POST
2014-07-02,Slow Tuesday Junior Golf Team POST
2014-07-02,Junior Golf Camp Day 2. POST
2014-07-02,EBGL vs Sequoyah
2014-07-02,Junior Golf Camp Day 3. POST
2014-07-02,Danville Chamber Community Event
2014-07-02,Diablo Day. POST
2014-07-02,Jr. Interclub Matches. POST
2014-07-02,Hot. POST
2014-07-02,SUNDAY POST
2014-08-02,DWGG Guest Day POST
2014-08-02,FINAL GP
2014-08-02,Round 2
2014-08-02,Round 1
2014-08-02,The Gathering and Concept Shop
2014-08-02,Pre Putter. POST
2014-08-02,
2014-08-02,POST Party on the Green
2014-08-02,Employee Sale
2014-08-02,Captains Tournament
2014-08-02,Busy Friday POST
2014-08-02,Saint Mary's
2014-08-02,Patriot Golf Day/Folds of Honor Foundation. POST
2014-08-02,Past Presidents Shotgun
2014-08-02,Senior Interclub    
2014-08-02,Senior Interclub Tournament. POST
2014-08-02,DentPro event
2014-08-02,Chilly Am 
2014-08-02,Couples Twilight  POST
2014-08-02,FRIDAY POST
2014-08-02,Directos Cup
2014-08-02,Busy Sunday. POST
2014-08-02,CBRE - Prosser Tournament
2014-08-02,Drizzle Holyniners POST
2014-08-02,POST
2014-08-02,Junior Club Championship. POST 
2014-08-02,Holyniners TOC
2014-09-02,Seniors HOME 1pm SG POST
2014-09-02,POST. Sunny Day
2014-09-02,Bishop Ranch Community Event
2014-09-02,The 1914
2014-09-02,1914 GROSS Qualifier & Fiesta de Golf
2014-09-02,Collins Club Champ 37th Hole
2014-09-02,Union Bank
2014-09-02,TOC Final Round 
2014-09-02,DWGG Frinal Round
2014-09-02,1914 Net Match Play
2014-09-02,194 Net Match Play
2014-09-02,1914 Net Match Play Final
2014-09-02,St. Isidore Community Event
2014-09-02,Holyniner Formal Guest Day
2014-09-02,St.Marys dude shoots unoffical course record 61
2014-09-02,Busy Friday Pre Centennial
2014-09-02,Centennial Celebration
2014-09-02,DWGG Club Champ Round 1
2014-09-02,Holyniner Play Day
2014-09-02,Barry Foon Community Event
2014-09-02,"quiet, nice day.  "
2014-09-02,Quiet day POST 
2014-09-02,POST
2014-09-02,
2014-09-02,DWGG Formal Guest Day POST
2014-10-02,Senior Finale
2014-10-02,Slow Friday 
2014-10-02,Rainy AM
2014-10-02,Chilly Sunday
2014-10-02,Mustang Soccer
2014-10-02,Inventory. POST
2014-10-02,DWGG Halloween Tourney POST
2014-10-02,Halloween Spooky POST
2014-10-02,DWGG Mini Invitational
2014-10-02,Bandit Shootout & Claremont Day
2014-10-02,
2014-10-02,Bandit Shootout   
2014-10-02,De La Salle Fall tournament
2014-10-02,Holyniners
2014-10-02,Mountain Cup Draw
2014-10-02,Mountain Cup Final Round
2014-10-02,Greens Punched POST
2014-10-02,DWGG Play Day
2014-10-02,Super Slow FRI POST
2014-10-02,POST
2014-10-02,Holyniners POST
2014-10-02,Titleist Tour Van POST
2014-10-02,Slow Wednesday. POST
2014-11-02,3 Club Tournament
2014-11-02,
2014-11-02,Did not deposit full 47.74 amount. Cash drawyer short from previous day.
2014-11-02,Junior Golf Team
2014-11-02,POST
2014-11-02,Overcast Friday POST
2014-11-02,Holyniner Play Day
2014-11-02,Rainy Sunday POST
2014-11-02,turkey Hangover
2014-11-02,Frost Delay until 9:00am
2014-11-02,Thanksgiving
2014-11-02,Men In Black
2014-11-02,Busy Thanksgiving Week
2014-11-02,NO POST   
2014-11-02,Rainy. Parent/Junior Championship
2014-11-02,NO POST rainy Friday 
2014-11-02,DWGG Turkey Shoot. RAIN
2014-11-02,Rainy   
2014-11-02,Cold
2014-11-02,Cold Sunday
2014-11-02,Busy Sat. Juniors On Course POST
2014-11-02,Couples Turkey Shoot 
2014-11-02,Rainy Day. Cart path only. 
2014-11-02,Overcast slow Wed
2014-11-02,Veterens Day Observance 17 players 
2014-12-02,Frost Delay. Cart Path Only. Don't Post
2014-12-02,HDCP Flags OK. POST
2014-12-02,Retail Party NO POST
2014-12-02,Rain all day. No players. Don't post. 
2014-12-02,Do Not Post
2014-12-02,NO POST 
2014-12-02,CLOSED
2014-12-02,POST
2014-12-02,POST Employee Sale
2014-12-02,stormaggedon - NO players.
2014-12-02,Don't POST
2014-12-02,Cart Path Only. Don't Post
2014-12-02,Rain. Cart Path Only. Don't Post
2014-12-02,don’t post
2014-12-02,Cart Path Only. Do Not Post
2014-12-02,No Post
2014-12-02,Christmas Eve. Don't Post
2014-12-02,NO PLAY DO NOT POST
2014-12-02,
2015-02-02,"Dwgg play day, Post"
2015-02-02,Super Sunday. POST
2015-02-02,
2015-02-02,"Niners, POST"
2015-02-02,Foggy morning/ Post
2015-02-02,"Dwgg, Post"
2015-02-02,First Rain of the Year
2015-02-02,"NO Posting, rain off and on"
2015-02-02,Rain all day. Don't POST
2015-02-02,Don't Post
2015-02-02,Don’t Post
2015-02-02,Warm day. POST
2015-02-02,Happy Valentines Day. Warm. Don't POST
2015-02-02,"Beautiful Sunday, Post "
2015-02-02,"Presidents Day, Busy, Post"
2015-02-02,Post
2015-02-02,"Dwgg , Post"
2015-02-02,"Sunny, Post"
2015-02-02,NCPGA Pro-Scotch
2015-02-02,"Overcast, Post"
2015-02-02,"Beautiful day, Post"
2015-02-02,"Busy Friday, Post"
2015-02-02,POST
2015-02-02,"Windy, Post"
2015-02-02,"Don’t  Post, Niners "
2015-03-02,"Warm day, busy. POST"
2015-03-02,Bay Area Pinseekers Tournament - 11am gun
2015-03-02,Post
2015-03-02,"Warm, POST"
2015-03-02,"Dwgg, Post"
2015-03-02,"Beautiful, busy Friday. Post"
2015-03-02,"Busy Saturday, Post"
2015-03-02,"Beautiful Sunday, Post "
2015-03-02,POST
2015-03-02,De La Salle Invitational
2015-03-02,"Post, slow Tuesday"
2015-03-02,"Rain in the AM, POST"
2015-03-02,"Greens Aerified, Post"
2015-03-02,"Holyniner Informal Guest day, post, St. Paddys Day"
2015-03-02,"Warm, Busy Friday. POST"
2015-03-02,
2015-03-02,Warm day. POST
2015-03-02,"Dwgg rules day, post"
2015-03-02,WGANC Open Day
2015-03-02,SAT. POST
2015-03-02,"Busy Sunday, Post "
2015-03-02,"Demo Day on 18, busy sat. Post"
2015-03-02,Misty morning. Carts on course. Post
2015-03-02,"Niners, Dls Match,  Post"
2015-03-02,"Nice weather, Busy Sunday, Post"
2015-04-02,"Golf Shop Inventory cont. , Post"
2015-04-02,Junior Trunk Show. Parent Junior Championship
2015-04-02,PING Demo Day. POST
2015-04-02,"Dwgg Medal Play, Post"
2015-04-02,East Bay Golf League. POST
2015-04-02,Carondelet Community event
2015-04-02,Holyniner . POST
2015-04-02,Golf Shop Inventory
2015-04-02,Busy Friday. POST
2015-04-02,Post
2015-04-02,
2015-04-02,Easter Sunday. Some rain in the AM. POST
2015-04-02,Busy Saturday. POST
2015-04-02,"Cold Morning, Post"
2015-04-02,Dwgg Formal guest day. Post
2015-04-02,"Rainy Morning, Don’t Post"
2015-04-02,"Updated Handicaps, Post"
2015-04-02,Final Round of 4-man 
2015-04-02,MPS 4-Man Round 1
2015-04-02,"MPS PREP, Post"
2015-04-02,POST
2015-04-02,Holyniner Guest Day. POST
2015-04-02,Catholic Charities
2015-04-02,"Busy Masters Sunday, Post"
2015-04-02,"TaylorMade Demo Day, Post "
2015-04-02,"Nice, Busy Friday. POST"
2015-04-02,Warm Sunday. POST
2015-05-02,Scotch Club practice rounds. POST
2015-05-02,Scotch Club rounds 1-3
2015-05-02,Ebgl cancelled- Post
2015-05-02,
2015-05-02,Bandit Shootout Rd 1. POST
2015-05-02,"DWGG Member/Member, Post"
2015-05-02,"XXIO demo day, Post"
2015-05-02,"Memorial Day, Off by 2 rounds ( juniors not in clubsoft), Post"
2015-05-02,"Nice Busy Day, Post"
2015-05-02,Orange Ball Tournament. POST
2015-05-02,"DWGG Spring Hdcp, Big Wheels, Post"
2015-05-02,"holyniner informal guest day, Post"
2015-05-02,San Damiano Community Event
2015-05-02,"Presidents cup round 2, Post"
2015-05-02,"Presidents cup round 1, Post"
2015-05-02,"DWGG Spring Hdcp Round 2, Post"
2015-05-02,Spring Handicap Rd 1. RAIN. 
2015-05-02,"Drawer short $5, Post"
2015-05-02,Brother Maris Community Tournament
2015-05-02,post
2015-05-02,Couples Twilight
2015-05-02,"Friday, busy, Post"
2015-05-02,"Drizzled/Rained, DWGG Spring Handicap Qualifier, Post"
2015-05-02,"Scotch Final Day, Post"
2015-05-02,Bandit Shootout final round. POST
2015-05-02,Busy Friday. POST
2015-05-02,warm sat. Post
2015-06-02,Holyniner TOC 2. Post
2015-06-02,"overcast, Post"
2015-06-02,"DWGG Formal Guest Day, Post"
2015-06-02,Holysmoker. BUSY
2015-06-02,"Day 1 Member/Member, Post"
2015-06-02,"Directors cup final round, Post"
2015-06-02,Jr. Achievement
2015-06-02,"Holyniner team play, Post"
2015-06-02,
2015-06-02,Corena Green Post
2015-06-02,Cancer Support Tournament
2015-06-02,Blind Throw Away Tournament. POST
2015-06-02,Fallen Heroes
2015-06-02,"Practice round for DWGG Inv., Post"
2015-06-02,Drought conditions.
2015-06-02,"No Tournaments, Post"
2015-06-02,Wells Fargo Community Event
2015-06-02,"first day of summer, Fathers Day, Post"
2015-06-02,Hot. Drought Rules.
2015-06-02,"Day 2 Pop Smith Invitational, Last day of Kids Camp"
2015-06-02,Day 1 Pop Smith Invitational
2015-06-02,Senior Prep
2015-06-02,"Seniors Interclub, Kids Camp Day 2, Post"
2015-06-02,"DBIA Tournament, Kids Camp Day 1"
2015-06-02,Jr Par 3 Tournament
2015-06-02,Hot Saturday. Drought Rules
2015-06-02,"Day 2 Of June JR. Golf Camp., Post"
2015-06-02,"Set up #18 as range, net closure, Post"
2015-06-02,"Dwgg Inv., post"
2015-07-02,"Ghin  Updates, Post"
2015-07-02,Couples Twilight 5pm gun
2015-07-02,Junior Point Series # 3
2015-07-02,Danville Chamber of Commerce Community Tournament
2015-07-02,Invertory Post
2015-07-02,"Final Inventory, Post"
2015-07-02,Junior Easy Bay Series 4pm shotgun
2015-07-02,"Busy Friday, prep for next week. "
2015-07-02,Post
2015-07-02,"Seniors Home Vs green Valley, Claremont, Orinda. Post"
2015-07-02,Busy Sunday
2015-07-02,Mountain Mixer 1pm gun.
2015-07-02,"Hot Friday, Post"
2015-07-02,"Captain's Tournament Round 1, Post"
2015-07-02,POST
2015-07-02,Holyniner TOC 3. Jr on course
2015-07-02,Plasters and Masons Community Tournament
2015-07-02,Couples Invitational
2015-07-02,"Junior Point Series #2, Post"
2015-07-02,"Friday, Post"
2015-07-02,"Diablo Team Play, Post"
2015-07-02,"Kitchen Closed, Post"
2015-07-02,"HolyNiners, Post"
2015-07-02,US AM Qualifier
2015-07-02,"Nice Day, US AM Practice RD., POST"
2015-07-02,Happy 4th of July. Flag Day Tournament
2015-07-02,"Warm, busy Friday. Drought Rules"
2015-07-02,"Dwgg  Formal Guest Day, Post"
2015-07-02,"Captain's Tournament Round 2, Golf Camp Day 2, Post"
2015-07-02,Last day of Jr camp.Post.
2015-07-02,Joe Morgan community event
2015-07-02,
2015-08-02,Closed/Inventory
2015-08-02,Let Have A good Day: Post.
2015-08-02,"busy Sunday, Post"
2015-08-02,"2man aggregate, rainy in the AM, Post"
2015-08-02,"Hot, Post"
2015-08-02,Gold Putter prep
2015-08-02,John Muir with buying experience
2015-08-02,Busy Sunday.
2015-08-02,Couples Twilight. Post
2015-08-02,"Ladies Medal Play, Sunny, Post"
2015-08-02,
2015-08-02,Holyniners Play with Pro
2015-08-02,Saint Mary's community event
2015-08-02,Junior Club Championship Final Round. Congrats Spence! HOT!!! J-Day too!
2015-08-02,Friday. Post
2015-08-02,Busy Friday
2015-08-02,Closed
2015-08-02,"Junior Club Championship, Hot, Post"
2015-08-02,"Sunny, Post"
2015-08-02,"DWGG Formal Guest Day, Post"
2015-08-02,"Smith and Jones, Post"
2015-08-02,Busy Saturday.
2015-08-02,Jr Skills Challenge. Tourn Prep
2015-08-02,"Busy, Sunny, Post"
2015-08-02,DentPro Community Event
2015-08-02,"niner clinic, Post"
2015-08-02,"Seniors Home VS. blackhawk,napa,richmond  Post"
2015-08-02,Past President's event
2015-08-02,"Final Day Of Smith & Jones, Post"
2015-09-02,Union Bank.
2015-09-02,Club championship prep. Slow afternoon
2015-09-02,"Campout on course, Post"
2015-09-02,"Hot, Slow Tee Sheet"
2015-09-02,"Finalize Inventory, Post"
2015-09-02,Gold Putter PREP!!!
2015-09-02,"Day 3 of Gold Putter, Horse Race"
2015-09-02,2nd day of Gold Putter
2015-09-02,Last day of Gold Putter
2015-09-02,"Labor Day, Busy day after the Gold Putter, Post"
2015-09-02,First Day of Junior fall Academy 
2015-09-02,
2015-09-02,1st day of Gold Putter
2015-09-02,"Overcast, Post"
2015-09-02,"Slow Overcast Light Rain, Post"
2015-09-02,DWGG Club Championship Round 2
2015-09-02,"1914 qualifier, Post"
2015-09-02,"First Day of Match play club championship, Post"
2015-09-02,St. Isidore community event
2015-09-02,"Holyniners Formal Guest day, Post"
2015-09-02,DWGG Club Championship Prep. Post
2015-09-02,"Dwgg Club Championship Final Round, Post"
2015-09-02,Big Pig night.
2015-09-02,1914 semi finals- Post
2015-09-02,1914 Final Matches
2015-09-02,Barry Foon
2015-09-02,"Tuesday overcast, post"
2015-09-02,Senior Interclub
2015-09-02,"DWGG Club Championship Round 1, Post"
2015-09-02,"Dwgg Medal Play, Post"
2015-10-02,"DWGG Medal Play, Post"
2015-10-02,Claremont Day prep. Busy Friday
2015-10-02,Couples Club Championship Round 2
2015-10-02,"Warm, Post"
2015-10-02,Couples Club Championship Round 1
2015-10-02,De La Salle Community Event
2015-10-02,"Nice day, Holy niners , Post"
2015-10-02,
2015-10-02,"Lgnp Finals, Post"
2015-10-02,Mountain Cup pairings
2015-10-02,day 1 mountain cup
2015-10-02,Final Round Mountain Cup
2015-10-02,AERIFICATION DAY TWO
2015-10-02,"Sunny, Post"
2015-10-02,DWGG Mini Invitational
2015-10-02,DWGG Medal Play
2015-10-02,Finally a little rain!!
2015-10-02,Quiet Sunday
2015-10-02,Cold Am post.
2015-10-02,Bandit Shootout Draw
2015-10-02,"Fitting Van on hole 5, Post."
2015-10-02,"Sunny, Employee Sale, Post"
2015-10-02,Wedding on course.
2015-10-02,Bandit Shootout  round 2 Post.
2015-10-02,Mustang Soccer Community Event
2015-10-02,"Halloween Tournament, Post"
2015-10-02,Slow Wednesday
2015-10-02,"Nice Day, Post"
2015-11-02,Cart Path Only
2015-11-02,"Frost Delay until 9:15am, Cart Path Only post score"
2015-11-02,Cold. Carts back on course.
2015-11-02,Titleist Demo Day
2015-11-02,Frost Delay until 9:00am
2015-11-02,"Holyniners, Cart Path Only"
2015-11-02,Tenacity 10 Golf Tournament
2015-11-02,Claremont Day
2015-11-02,"70 deg, No Events, Post"
2015-11-02,"Parent Junior Tournament, Post"
2015-11-02,"7:30 Start, Post"
2015-11-02,DWGG Turkey Shoot
2015-11-02,Post scores
2015-11-02,Post Scores
2015-11-02,Annual Meeting. Cart Path Only. Don't POST
2015-11-02,Turkey Day!!!!
2015-11-02,Rain Post
2015-11-02,Carts back on the course. POST
2015-11-02,"Frost Delay until 8am, DWGG"
2015-11-02,"Holiday Tee Sheet, Frost Delay Until 8am"
2015-11-02,
2015-11-02,Couples Turkey Shoot.
2015-11-02,Slow Saturday. Turkey Shoot prep
2015-11-02,Nice day. Carts on course. 
2015-12-02,
2015-12-02,"Frost Delay until 9am, post"
2015-12-02,"Frost Delay Until 10:30AM, Very Frosty/Cold"
2015-12-02,Frost Delay until 9:30am
2015-12-02,Frost delay till 10:00 
2015-12-02,POST
2015-12-02,"rain, wind, last minute shoppers"
2015-12-02,"Slow Over Cast Day, Post"
2015-12-02,Holiday Party Prep. Cart Path Only
2015-12-02,Cold & Windy. Slow
2015-12-02,Cart Path Only
2015-12-02,"Cold, mostly raining."
2015-12-02,Cold Day. Cart Path Only
2015-12-02,Rain in morning. No posting. Cold!
2015-12-02,Frost Delay until 9am
2015-12-02,Rain in the PM. CPO
2015-12-02,no post
2015-12-02,frosty post
2015-12-02,Rainy morning.
2015-12-02,"busy wed, no post"
2015-12-02,"COP, Hdcp Ok- no frost."
2015-12-02,Rainy slow
2015-12-02,post
2015-12-02,COLD. Cart path only.
2015-12-02,Wine And Cheese Party
2015-12-02,"Party Prep, No Dwgg today."
2015-12-02,Post
2016-01-02,Rain Out Day. Early Close
2016-01-02,"Dwgg Mystery Mixer, Post"
2016-01-02,POST
2016-01-02,Rain On off. No Post
2016-01-02,Slow & Foggy
2016-01-02,Employee Sale Day
2016-01-02,"1.25"" rain overnight, CPO, No hdcp flags, no posting"
2016-01-02,no post
2016-01-02,"Slow, rainy day. No posting"
2016-01-02,Busy Friday. No Posting
2016-01-02,No Post
2016-01-02,"Rain Early, No Post"
2016-01-02,No Posting
2016-01-02,Cart Path Only
2016-01-02,"Foggy, slow day. No posting."
2016-01-02,Rain No Post.
2016-01-02,"Slow, rainy day"
2016-01-02,
2016-01-02,"Cold, slow Sunday. No Delay"
2016-01-02,"No Frost, Post"
2016-01-02,"Cold, slow New Years."
2016-01-02,no post PM rain
2016-01-02,"Rainy, Post"
2016-01-02,Rain Slow Day No Post
2016-01-02,Busy Morning. Rain late. POST
2016-02-02,DWGG post.
2016-02-02,Slower day. Rain in pm
2016-02-02,Busy Friday
2016-02-02,Busy Saturday. Wamer
2016-02-02,"Super bowl Sunday Busy AM, Post"
2016-02-02,Post
2016-02-02,"Post, nice weather"
2016-02-02,Busy Saturday
2016-02-02,Busy Sunday. Carnoustie Group
2016-02-02,Super busy President's Day. Hot day.
2016-02-02,NCPGA Prep
2016-02-02,"Warm, nice day. Post"
2016-02-02,"Taylormade Demo Day, Sunny"
2016-02-02,"Busy Sat., Post"
2016-02-02,Light rain in the afternoon
2016-02-02,Heavy Rain Over Night
2016-02-02,"Dwgg informal guest day, Post"
2016-02-02,POST
2016-02-02,Holyniner Informal Guest Day. Post
2016-02-02,
2016-03-02,No Post
2016-03-02,Post Day Before Easter.
2016-03-02,All CAL Cart Check up day. Post
2016-03-02,DWGG Rules day. Post
2016-03-02,Aeration day
2016-03-02,post
2016-03-02,"Sunny, post"
2016-03-02,Busy Friday. Post
2016-03-02,"WGANC, post"
2016-03-02,Senior Kick Off
2016-03-02,Easter Sunday. 
2016-03-02,
2016-03-02,Rain in PM no post
2016-03-02,Rainy
2016-03-02,Holyniner Exchange Day w/ Sequoyah
2016-03-02,Post
2016-03-02,Pleasant day
2016-03-02,Cold
2016-03-02,Rain In  PM
2016-03-02,Bay Area Pin Seekers
2016-03-02,Sunny No Post
2016-03-02,Rain All Day NO post.
2016-03-02,"Carts off paths today, Post"
2016-04-02,Holyniners
2016-04-02,"DWGG, Post"
2016-04-02,"Busy, warm Sunday."
2016-04-02,
2016-04-02,Titleist Demo Day. Juniors on course
2016-04-02,Busy!!!!!!!!!   Post
2016-04-02,Holyniners Member Mixer
2016-04-02,PIG
2016-04-02,DWGG Formal Guest day
2016-04-02,Post
2016-04-02,Rainy all day
2016-04-02,Catholic Charities
2016-04-02,"Windy, Post"
2016-04-02,Busy Wednesday
2016-04-02,"Jacque First Day, No Post"
2016-04-02,Sunny
2016-04-02,Busy Thursday
2016-04-02,Carondelet
2016-04-02,Rainy
2016-04-02,Parent Junior Championship
2016-04-02,4 man team championship day 2
2016-04-02,MPS Four Man
2016-04-02,DWGG Medal Play
2016-05-02,"Bandit Shootout Day 1, Gold putter Reg"
2016-05-02,"Busy, warm Friday"
2016-05-02,Memorial Day!!!
2016-05-02,HOT
2016-05-02,DWGG Member Member
2016-05-02,San Ramero Roadrunner Tournament 92 players
2016-05-02,Junior Par 3 Tournament
2016-05-02,"Rainy, Cold"
2016-05-02,Windy
2016-05-02,Dwgg Spring Handicap Final RD 
2016-05-02,Bnadit Shootout Day 2
2016-05-02,Holyniner Informal Guest Day
2016-05-02,Busy Friday
2016-05-02,Last day of President's Cup
2016-05-02,"Presidents Cup, Post"
2016-05-02,Dwgg Spring Handicap RD 1
2016-05-02,Perfect day!
2016-05-02,Holyniner Mystery Mixer  - Cash drawer $50 short???
2016-05-02,Mothers Day
2016-05-02,Raining
2016-05-02,Spring Handicap
2016-05-02,
2016-05-02,"Pig Game , Post"
2016-05-02,San Damiano Tournament 71 Players
2016-05-02,Rounds were adjusted due to double charge member tournament rounds
2016-06-02,Dwgg Formal Guest Day
2016-06-02,Hot Wednesday!!! 
2016-06-02,XXIO Demo Day
2016-06-02,Pop Smith Day 1
2016-06-02,DBIA Community Tournament
2016-06-02,Warm!!!
2016-06-02,Holysmoker
2016-06-02,Ladies medal play
2016-06-02,Normal Wednesday
2016-06-02,US Open Sunday. Happy Fathers Day!
2016-06-02,"Swim Meet, Bay Cities Juniors, Couples Golf"
2016-06-02,Senior Invitational
2016-06-02,Warm Dwgg tee times.
2016-06-02,Pop Smith prep
2016-06-02,Seniors @ home Vs orinda contra costa sanjose
2016-06-02,Jr. Acheivement
2016-06-02,Junior Point Series # 2
2016-06-02,DWGG Classic Final Day
2016-06-02,DWGG classic RD 1 
2016-06-02,DWGG classic par 3 
2016-06-02,
2016-06-02,Fallen Heroes
2016-06-02,Final Day Of Member Member
2016-06-02,Directors Cup Day 1
2016-06-02,HOT
2016-06-02,"HOT, kinda slow Sunday"
2016-06-02,"Hot, Bay Cities Vs Castlewood"
2016-07-02,Nice
2016-07-02,"Bay City Juniors, Couples and Junior play"
2016-07-02,Couples Invitational
2016-07-02,Plasterers and Masons Community Tournament
2016-07-02,JR Point Series
2016-07-02, Busy Friday
2016-07-02,Post
2016-07-02,Slow Sunday
2016-07-02,Flag day!!!!
2016-07-02,Hi
2016-07-02,JR.s 
2016-07-02,dane is a boss on Sunday 
2016-07-02,MPS Mountain Mixer
2016-07-02,Busy Sunday!!!
2016-07-02,Joe Morgan Event
2016-07-02,Seniors Home #2
2016-07-02,Me
2016-07-02,DWGG Captain's Tournament
2016-07-02,HOT
2016-07-02,Couples Twilight
2016-07-02,
2016-07-02,Danville Chamber of Commerce
2016-07-02,"Slow, super hot!!!"
2016-07-02,HOT!!!
2016-07-02,Thursday Dwgg.
2016-07-02,"Hot, Quiet"
2016-07-02,New Handicaps
2016-07-02,Team Play Day
2016-08-02,
2016-08-02,Sunday Sunday Sunday!!!
2016-08-02,Dwgg Formal guest day.
2016-08-02,Pig Night
2016-08-02,Fun Fun
2016-08-02,Scott Prosser CBRE
2016-08-02,Holyniners Informal Guest Day
2016-08-02,Seniors Home & Home 8/10/16
2016-08-02,-1.96
2016-08-02,HOT
2016-08-02,Junior Club Championship
2016-08-02, Gold Putter Tomorrow
2016-08-02,Saint Mary's Golf Tournament (Did not ring in rounds but put on todays spread sheet)
2016-08-02,Happy Day :)
2016-08-02,Past Presidents
2016-08-02,Friday!!!
2016-08-02,Hot
2016-08-02,Dent Pro
2016-08-02,Quiet Day
2016-08-02,"Drawer $20 short, quiet day"
2016-08-02,Putter Prep 
2016-08-02,Couples Twilight
2016-08-02,Rang in Saint Mary's Tournament
2016-08-02,Tournament Community Rounds Sales reads (430.00) with 0 rounds played
2016-09-02,Quiet Thursday
2016-09-02,Day Two DWGG Club Championship and 1914 Club Champ Prep
2016-09-02,Gold Putter  Rd 1
2016-09-02,Day # GP
2016-09-02,Last Day of Gold Putter
2016-09-02,Labor Day cash register short $99.90 at close
2016-09-02,
2016-09-02,Senior Interclub
2016-09-02,Camp Out on 16
2016-09-02,Post
2016-09-02,Football is BACK (SLOW)
2016-09-02,Phil Wells Community Tournament
2016-09-02,Slow Afternoon
2016-09-02,Warm Day
2016-09-02,Day One DWGG Club Championship
2016-09-02,1914 Qualifying Round
2016-09-02,1914 Club Championship Round 1
2016-09-02,Employee Sale
2016-09-02,Final Round DWGG Club Championship
2016-09-02,1914 Gross Match Play Round 2
2016-09-02,1914 Club Championship Finals
2016-09-02,1st day of Gold Putter
2016-09-02,HOT
2016-09-02,"TaylorMade Demo day, Couples Club Championship Prep"
2016-10-02,Busy early. Quiet after 1:00pm
2016-10-02,Rain in the AM
2016-10-02,Mustang Soccer Community Tournament
2016-10-02,Bandit Shoot Out Day 2
2016-10-02,Bandit Shoot Out/ Junior Academy On Course
2016-10-02,Bandit Shoot Out Prep
2016-10-02,Ladies Day
2016-10-02,Slow 
2016-10-02,CONSTRUCTION
2016-10-02,Rain throughout day
2016-10-02,Rain started at 4pm
2016-10-02,Rainy Day
2016-10-02,LGNP Finals
2016-10-02,SLOWWW
2016-10-02,Aeration
2016-10-02,Mountain Cup Final Round
2016-10-02,Mountain Cup
2016-10-02,
2016-10-02,DWGG Mini Invitational
2016-10-02,Mini prep
2016-10-02,AM rain
2016-10-02,De La Salle Tournament
2016-10-02,Tenacity Outside Event. 68 players
2016-10-02,Couples Club Championship
2016-10-02,"short $2, Day 1 of Couples Club Championship"
2016-10-02,Heavy rain throughout the AM
2016-10-02,Holy Niner Member Mixer
2016-10-02,DWGG Halloween Tournament Cancelled
2016-11-02,Inventory Reconcile
2016-11-02,Finalize Inventory & Auditors
2016-11-02,Ladies Informal Guest Day
2016-11-02,Busy until 1:30pm
2016-11-02,Titleist Demo Day
2016-11-02,Carnoustie group
2016-11-02,
2016-11-02,Election Day
2016-11-02,Rain rain rain
2016-11-02,Holyniners
2016-11-02,Veteran's Day
2016-11-02,"Cash Over $100, Post, Jrs practice on course"
2016-11-02,Couples Turkey Shoot
2016-11-02,"Cold, some light rain in the afternoon"
2016-11-02,Cold
2016-11-02,DWGG Turkey Shoot
2016-11-02,Sunny Friday
2016-11-02,Fall Parent Junior Golf Tournament
2016-11-02,"DWGG, Sunny"
2016-11-02,Men In Black and busy day
2016-11-02,Christmas Decorating!
2016-11-02,Holiday Party prep
2016-11-02,Sunday funday 
2016-11-02,Rainy Day Keeps The Golfer's Away
2016-11-02,Black Friday
2016-11-02,Thanksgiving
2016-12-02,Christmas Shopping
2016-12-02,DWGG Holiday Party
2016-12-02,windy! Holiday partayyyyyyy
2016-12-02,Day After Holiday Party
2016-12-02,Frost Delay until 9:30AM
2016-12-02,
2016-12-02,$1800 check. Cold day with some rain
2016-12-02,Rain all day
2016-12-02,Light Rain 
2016-12-02,Christmas Party upstairs
2016-12-02,Rain in the afternoon
2016-12-02,Sunny and Warm
2016-12-02,Christmas Eve
2016-12-02,Slow Sunday
2016-12-02,Frost Delay and Warm
2016-12-02,No Frost Delay
2016-12-02,New Years Eve
2016-12-02,Frost Delay until 10:00am
2016-12-02,Sunny and Cold
2016-12-02,Coldddd
2016-12-02,Rain Out
2016-12-02,Overcast and Windy
2016-12-02,(Old Gift Certificate drop) COLD!!!!
2017-01-02,New Years Day
2017-01-02,Sunny and no rain!
2017-01-02,
2017-01-02,Rainy day
2017-01-02,Cold. Course is very wet from 2 days of rain.
2017-01-02,COLD
2017-01-02,"Rainy Day, closed early"
2017-01-02,Rain. Closed at 12.
2017-01-02,Rain. Closed at 3.
2017-01-02,Rain. Close at 3
2017-01-02,Sunny Saturday
2017-01-02,Foggy Morning 
2017-01-02,MLK Day. Open
2017-01-02,Frost Delay until 9:00AM
2017-01-02,Inventory. Frost til 9
2017-01-02,Busy Saturday
2017-01-02,Mystery Mixer
2017-01-02,Cold
2017-01-02,Busy Friday
2017-01-02,RAINY
2017-01-02,Closed at 3 cuz of rain
2017-01-02,Cold Rain Close at 12
2017-01-02,"Cold, slow day"
2017-01-02,Stormy
2017-02-02,Rain on and off
2017-02-02,Beautiful Day
2017-02-02,Warm day before Rain
2017-02-02,"Nice Day, not too busy."
2017-02-02,No rounds. Rain out
2017-02-02,Busy Busy Busy
2017-02-02,Normal Day
2017-02-02,"Sunny, chilly day."
2017-02-02,Chilly day
2017-02-02,Warm day
2017-02-02,Sunny warm day
2017-02-02,Wet
2017-02-02,PXG Fitting Day. Sunny 
2017-02-02,Slow Slow Slow
2017-02-02,RAIN RAIN RAIN Closed at 3
2017-02-02,Course Closed until 10 AM. Steady Rain
2017-02-02,Golf Course Closed due to Rain
2017-02-02,
2017-02-02,Super Bowl Sunday
2017-02-02,Cloudy and Light Rain
2017-02-02,Rainy Day
2017-02-02,Inventory Reconciliation
2017-02-02,Blakes First Day
2017-02-02,Sunny in afternoon
2017-03-02,Heavy Rain throughout day
2017-03-02,Only Front Nine Open. Green Aerification.
2017-03-02,Green Aerification
2017-03-02,Rain through to afternoon
2017-03-02,Nice day
2017-03-02,Saint Patricks Day
2017-03-02,DWGG Open Day
2017-03-02,Bobby Grace Putter Fitting Day
2017-03-02,Beautiful busy day
2017-03-02,Busy Sunday
2017-03-02,Taylormade Demo Day
2017-03-02,Busy Day
2017-03-02,busy
2017-03-02,Sunny day
2017-03-02,Sunny and windy day
2017-03-02,Warm Day
2017-03-02,normal day
2017-03-02,NCPGA Pro Scotch
2017-03-02,On and off Rain throughout day
2017-03-02,Morning Rain
2017-03-02,Busy Friday
2017-03-02,
2017-03-02,Sunny Day
2017-03-02,Sun was out but quiet
2017-03-02,De La Salle High School Tournament 
2017-03-02,Busy Busy
2017-04-02,
2017-04-02,normal day
2017-04-02,Mens Four Man Championship Round 2
2017-04-02,Mens Four Man Championship Round 1
2017-04-02,nothing special
2017-04-02,Senior Kick Off
2017-04-02,Masters Sunday
2017-04-02,Rain on and off
2017-04-02,Periods of rain
2017-04-02,DWGG Formal Guest Day
2017-04-02,busy for a Wednesday
2017-04-02,busy
2017-04-02,Beautiful Sunny Day
2017-04-02,IOU JW $30 
2017-04-02,Normal Day. High School/Middle School Matches
2017-04-02,Busy Friday
2017-04-02,Easter Sunday/Rainy
2017-04-02,Busy Sunday
2017-04-02,nice day
2017-04-02,The Wall Day 1
2017-04-02,Bandit Shootout Round 1 and The Wall Day 2
2017-04-02,Bandit Shootout Round 2
2017-04-02,Parent/child Championship
2017-05-02,President's Day Round 1
2017-05-02,DWGG Spring handicap
2017-05-02,busy day
2017-05-02,strange weather
2017-05-02,Roadrunner Cup
2017-05-02,too many people
2017-05-02,
2017-05-02,hot busy tiring
2017-05-02,busy busy
2017-05-02,normal day
2017-05-02,Scotch Club on Monday
2017-05-02,Scotch Club Practice Rounds
2017-05-02,Scotch Club Round 2
2017-05-02,NEB Golf Outing
2017-05-02,windy beautiful
2017-05-02,President's cup Round 2
2017-05-02,Couples Member Member
2017-05-02,Seal Software Golf tournament
2017-05-02,nice day
2017-05-02,^
2017-05-02,DWGG Member Member
2017-05-02,"I see the note above, not sure . Didn't take in any cash today."
2017-05-02,"deposited 13.32, drawer back at 551.10"
2017-05-02,Busy Memorial Day Weekend
2017-05-02,GREAT DAY
2017-05-02,Very nice Tuesday
2017-05-02,Old Gift Cert Charged to our cash…. Drawer $50 short
2017-06-02,Hot. 100 degrees. Holyniner mixer in the morning
2017-06-02,CBRE Scott Prosser Event
2017-06-02,Corena Green 
2017-06-02,slow afternoon. PIG though……………………………………………
2017-06-02,another day
2017-06-02,Warm
2017-06-02,"busy day, short PS staff"
2017-06-02,Couples Twilight
2017-06-02,Hot. 100 degrees. 
2017-06-02,"Very hot, NCGA Thursday team vs Round Hill"
2017-06-02,hot hot hot
2017-06-02,Busy until later in the afternoon. Holiday weekend.
2017-06-02,DWGG Formal Guest Day
2017-06-02,Day Before Member Member
2017-06-02,HOT AF!
2017-06-02,Very Hot
2017-06-02,directors cup round 1!
2017-06-02,Directors Cup Round 2
2017-06-02,Fallen Heros Tournament
2017-06-02,
2017-06-02,Senior Invitational Round 1
2017-06-02,Nice day
2017-06-02,Senior Invitational Round 2
2017-06-02,Had to make drawer whole again.. Was short
2017-06-02,Chilly Sunday afternoon
2017-06-02,Dropping $4.12 short to make Drawer whole @ $600 (Junior Achievment)
2017-06-02,IKE'S ORDER / SENIORS @ HOME. 
2017-07-02,put overage in left drawer . Blake wins 5&4
2017-07-02,Joe Morgan
2017-07-02,MPS Guest Day
2017-07-02,Normal Friday 
2017-07-02,Swim meet…busy shop. 
2017-07-02,Plasters and Masons Community Tournament
2017-07-02,HOT
2017-07-02,Womens things and slow
2017-07-02,Senior Interclub
2017-07-02,Couples Invitational
2017-07-02,Slow Day
2017-07-02,Regular Day
2017-07-02,yee
2017-07-02,Busy Friday
2017-07-02,a lot going on
2017-07-02,normal day
2017-07-02,SLOW
2017-07-02,DWGG Captins Tournament
2017-07-02,Cat Saturdays
2017-07-02,lost some dimes?
2017-07-02,us senior am qualifier
2017-07-02,
2017-07-02,slow yet busy day
2017-07-02,slow Saturday
2017-07-02,slow
2017-07-02,East bay Jr. League
2017-07-02,4th of July Flag Day Tournament
2017-08-02,The Eve of Golf Putter
2017-08-02,Kids Golf School. Really hot. 100+
2017-08-02,busy hot hot
2017-08-02,HOT!!
2017-08-02,CASH IS ALL OVER PLACE/GOLD PUTTER NON SENSE/ALL GOOD THOUGH
2017-08-02,Couples Twilight
2017-08-02,Keane Group Play
2017-08-02,DWGG Formal Guest Day and Dwyer BGA Outing
2017-08-02,Sunny
2017-08-02,2 1/2 hour meeting
2017-08-02,Alison gave Rose $20. Long day. 
2017-08-02,slowslowslowslow
2017-08-02,quiet
2017-08-02,slow
2017-08-02,Junior Club Championship Day 2
2017-08-02,Normal Friday
2017-08-02,seniors this am
2017-08-02,Slow slow slow
2017-08-02,NCGA Member Outing
2017-08-02,Busy afternoon
2017-08-02,Slow
2017-08-02,
2017-08-02,$20 short? IDK where. 
2017-08-02,Old Gift Cert = $50
2017-08-02,Junior Club Championship Day 1
